"ï..id";"rank";"scientific_name";"best_identity";"superkingdom_name";"kingdom_name";"phylum_name";"class_name";"order_name";"family_name";"genus_name";"species_name";"best_match";"species_list";"taxid";"X3";"X4";"X5";"X6";"X7";"X8";"X9";"X10";"X11";"X12";"X13";"X14";"X15";"X16";"X17";"X18";"X19";"X20";"X21";"X22";"X23";"X24";"X25";"X26";"X27";"X28";"X29";"X30";"X31";"X32";"X33";"X35";"X36";"X37";"X38";"X39";"X40";"X41";"X42";"X45";"X46";"X47";"X48";"X49";"X50";"X51";"X52";"X53";"X54";"X55";"X56";"X57";"X58";"X59";"X60";"X61";"X62";"X63";"X64";"X65";"X66";"X67";"X68";"X69";"X70";"X71";"X72";"X73";"X74";"X75";"X76";"X77";"X78";"X79";"total_reads";"sequence"
"EWT1_000000003";"species";"Neomys fodiens";1;"Opisthokonta";"Metazoa";"Chordata";"Mammalia";"Insectivora";"Soricidae";"Neomys";"Neomys fodiens";"NC_025559";"[Neomys fodiens]";62282;4605;2346;236;0;11189;0;0;4013;0;0;0;0;0;0;0;0;0;0;0;0;0;2;0;0;0;0;0;0;0;0;0;0;0;0;0;0;0;0;0;0;0;0;0;0;0;0;0;5057;0;0;0;0;0;1148;0;0;0;0;0;0;0;0;0;0;0;0;0;0;0;0;0;0;0;0;28596;"caccgcggtcatacgattaacccaaattaataggctacggcgtaaagcgtgttaaagatttaacaaagaaaataaagataaaatttaactaggctgtaaaaagcaacagttaaaattaaaatatactacgaaagtgactttattaagtctggtatacgatagctgaggcc"
"EWT1_000000010";"species";"Oryctolagus cuniculus";0.994152047;"Opisthokonta";"Metazoa";"Chordata";"Mammalia";"Lagomorpha";"Leporidae";"Oryctolagus";"Oryctolagus cuniculus";"NC_001913";"[Oryctolagus cuniculus]";9986;0;0;0;0;0;0;0;0;0;0;0;0;0;9815;0;0;0;0;7604;1323;4717;3279;5308;0;10257;0;2;0;0;4292;1627;0;4221;0;0;0;0;0;0;0;0;0;0;0;0;0;0;0;0;0;0;0;0;0;0;0;0;0;0;4449;0;0;0;0;0;0;177;0;0;0;0;0;0;0;57071;"caccgcggtcatacgattaacccaaattaataaatatccggcgtaaagcgtgattagaataaacaacaaaataaaatcaaataacaactaagctgtaaaaagtaatagttgcaaacaaaaataaacaacgaaagtgattttatactcttcgaactcacgatagctaaggcc"
"EWT1_000000013";"species";"Microtus agrestis";0.994047619;"Opisthokonta";"Metazoa";"Chordata";"Mammalia";"Rodentia";"Cricetidae";"Microtus";"Microtus agrestis";"FV006";"[Microtus agrestis]";29092;2;3011;2;1021;0;0;0;0;0;3059;7546;5;9136;2;0;2;7258;0;0;13;3;0;0;4201;0;0;0;0;0;0;0;3381;0;1727;0;0;1975;0;0;0;2;0;4;0;7615;0;2;467;0;0;1556;0;18;0;3;11200;0;2023;3;0;3;0;2;1777;0;0;0;2610;0;0;0;0;0;0;69629;"caccgcggtcatacgattaacccaaattaattattctcggcgtaaaacgtgttactagaaacatgcaaaatagaattaaaacccatccaatatgtgaaaattcatcgctggacctaaaaccaatgacgaaagtaattctaactaacatgatacacgatagctaagatc"
"EWT1_000000018";"species";"Muntiacus reevesi";0.98816568;"Opisthokonta";"Metazoa";"Chordata";"Mammalia";"Artiodactyla";"Cervidae";"Muntiacus";"Muntiacus reevesi";"NC_004069";"[Muntiacus reevesi]";9886;0;0;0;0;0;0;0;0;0;0;0;0;0;0;0;0;0;0;0;0;0;0;0;0;0;0;0;0;0;0;0;0;0;0;0;0;0;0;0;0;0;0;0;0;0;0;0;0;0;0;0;0;0;0;0;0;0;0;0;1910;0;0;0;0;5461;0;0;0;0;0;0;0;0;0;7371;"caccgcggtcatacgattaacccaagttaataggtatacgccgtaaagcttgttaaagcactatttccaaataaagctaaatttcaattaagctgtaaaaagccataattgcaacaaaaataaataacgaaagtaactttacagttgctgaaacacgatagctaggacc"
"EWT1_000000019";"species";"Rattus norvegicus";0.988372093;"Opisthokonta";"Metazoa";"Chordata";"Mammalia";"Rodentia";"Muridae";"Rattus";"Rattus norvegicus";"NC_001665";"[Rattus norvegicus]";10116;53674;3087;3779;2498;2393;3;0;2059;0;2007;2;2163;0;0;0;0;0;48;0;2353;1332;0;0;5412;0;0;0;0;0;0;2412;0;0;0;0;0;0;0;0;2534;0;0;0;0;0;0;2;0;0;0;2865;0;0;0;1782;649;2802;12550;6339;1580;23813;2128;6187;5392;0;0;381;0;1103;0;0;0;2;0;153331;"caccgcggtcatacgattaacccaaactaattattttcggcgtaaaacgtgccaactataaatctcataatagaattaaaatcaaacttatatgtgaaaattcattgttaggacctaagcccaataacgaaagtaattctaaccatttatataatgcacgatagctaagacc"
"EWT1_000000020";"species";"Apodemus flavicollis";0.994152047;"Opisthokonta";"Metazoa";"Chordata";"Mammalia";"Rodentia";"Muridae";"Apodemus";"Apodemus flavicollis";"AJ311164";"[Apodemus flavicollis]";54292;0;0;0;0;0;0;0;0;0;0;4660;0;0;0;0;0;0;0;0;0;0;0;0;0;0;0;0;0;0;0;0;0;0;0;0;0;0;0;0;0;0;0;0;0;0;0;0;0;0;0;0;0;0;0;0;0;0;0;0;0;0;0;0;0;0;0;0;0;0;0;0;0;0;0;4660;"caccgcggtcatacgattaacccaaactaattacttctcggcgtaaaacgtgctaactagaaattacaaatagaactaaaatccaactaatatgtgaaaattcattgttcggtcctaaaatcaataacgaaagtagttctaataattttactctgcacgacagctaagatc"
"EWT1_000000022";"species";"Myodes glareolus";0.994047619;"Opisthokonta";"Metazoa";"Chordata";"Mammalia";"Rodentia";"Cricetidae";"Myodes";"Myodes glareolus";"BV007";"[Myodes glareolus]";447135;5319;0;0;0;0;0;0;0;0;0;0;0;0;0;0;0;0;0;0;0;0;0;0;0;0;0;7166;0;0;0;0;0;0;0;0;0;0;0;0;3001;0;0;0;6241;0;0;0;0;0;0;0;0;0;0;0;0;0;3;0;0;0;0;2861;0;0;0;0;0;0;0;0;0;0;0;24591;"caccgcggtcatacgattaacccaaactaattattctcggcgtaaaacgtgttactggggccacaaaaaatagaattgaaatccatccaatatgtgaaaattcatcgttggacttaaaatcagtaacgaaagtaattctaattcacctgagacacgatagctaagacc"
"EWT1_000000028";"species";"Meles meles";0.99408284;"Opisthokonta";"Metazoa";"Chordata";"Mammalia";"Carnivora";"Mustelidae";"Meles";"Meles meles";"BJ036";"[Meles meles]";9662;0;0;0;2663;0;3225;2711;0;0;0;0;3288;0;0;0;0;0;0;0;0;0;0;0;0;0;0;0;0;0;0;0;0;0;1701;0;0;0;0;0;2378;0;2915;8701;0;0;0;0;0;0;0;0;0;0;0;0;0;0;0;0;0;0;0;0;0;0;0;7;0;0;2716;3318;0;0;0;33623;"caccgcggtcatacgattaacccaaattaataggcccacggcgtaaacgtgttaaggattatcattatactaaagttaaaatttaaccaggccgtaaaaagctactgttaatataaaatgtaccacgaaagtgactttattacttccgacaacacgatagctgagacc"
"EWT1_000000029";"species";"Dama dama";1;"Opisthokonta";"Metazoa";"Chordata";"Mammalia";"Artiodactyla";"Cervidae";"Dama";"Dama dama";"NC_020700";"[Dama dama]";30532;0;0;0;0;0;0;0;0;2;0;0;0;5;0;0;18237;5273;5808;30864;773;0;2;0;0;0;0;0;0;0;0;0;0;0;0;0;0;0;0;0;0;0;0;0;0;0;0;0;0;0;0;2;0;0;0;0;0;0;0;0;0;0;0;0;0;0;0;0;0;0;0;0;0;0;0;60966;"caccgcggccatacgattaacccaagttaataagcacacggcgtaaagcgtgttaaagcactgtactaaataaagttaaattccaattaagctgtaaaaagccataattgcaacaaaaataaacaacgaaggtaaccttatagccgctgaaacacgatagctaggacc"
"EWT1_000000032";"species";"Sciurus carolinensis";1;"Opisthokonta";"Metazoa";"Chordata";"Mammalia";"Rodentia";"Sciuridae";"Sciurus";"Sciurus carolinensis";"GS024";"[Sciurus carolinensis]";30640;6454;0;300;0;0;0;0;0;0;0;0;0;0;0;0;0;0;0;0;0;0;3693;0;0;0;0;0;0;0;0;0;0;0;0;0;0;0;0;0;0;0;0;0;0;0;0;0;0;0;0;0;0;0;0;0;0;0;3328;0;3246;0;0;0;0;0;0;885;0;0;0;0;0;0;0;17906;"caccgcggtcatacgattaaccctaattaataaagcacggcgtaaagcgtgattaaggtctgacctgagataagattaagctctaactaaactgtaaaaagccttagttaaaataaaaatacaaaacgaaagtaatcttataacccctgaattcacgacagctaaggcc"
"EWT1_000000047";"species";"Mustela erminea";0.994047619;"Opisthokonta";"Metazoa";"Chordata";"Mammalia";"Carnivora";"Mustelidae";"Mustela";"Mustela erminea";"NC_025516";"[Mustela erminea]";36723;0;0;0;0;0;0;0;0;0;0;0;0;0;0;0;7132;0;0;4;0;0;0;7973;10068;2471;0;0;0;0;0;0;0;0;0;0;0;0;0;0;0;0;0;0;0;0;0;0;0;0;0;0;0;0;0;0;0;0;0;0;0;0;0;0;0;0;0;0;0;0;0;0;0;0;0;27648;"caccgcggtcatacgattaacccgaatcaataggcaaacggcggaaaacgtgttaaggattacaccgtactaaagttaaaatttaacaaggccgtaaaaagctactgttaatataaaatagaccacgaaagtgactttactacttccaacaacacgatagctgagatc"
"EWT1_000000048";"species";"Sorex minutus";0.994186047;"Opisthokonta";"Metazoa";"Chordata";"Mammalia";"Insectivora";"Soricidae";"Sorex";"Sorex minutus";"PS015";"[Sorex minutus]";62280;0;0;0;0;0;0;2833;0;0;0;0;0;0;0;0;0;0;0;0;0;0;0;0;0;0;0;0;0;0;0;0;0;0;0;0;0;0;0;0;0;0;0;0;0;0;0;0;0;0;0;0;0;0;0;0;0;0;0;0;0;0;0;2113;1276;0;0;0;0;0;0;0;0;0;0;6222;"caccgcggtcatacgattaacccgaattaatagacaacggcgtaaagcgtgttaaagaatgctcgcccataaataaagataaaacttaactaggctgtagaaagcaacagttaaaactaaaatatactacgaaagtgactttattgtagctgattacacgatagctaagacc"
"EWT1_000000076";"species";"Sorex araneus";0.988571429;"Opisthokonta";"Metazoa";"Chordata";"Mammalia";"Insectivora";"Soricidae";"Sorex";"Sorex araneus";"NC_027963";"[Sorex araneus]";42254;0;0;1332;0;0;0;0;0;0;0;0;0;0;0;0;0;0;0;0;0;469;0;0;0;0;0;0;0;0;0;0;0;0;0;0;0;0;0;0;2;0;0;0;7860;0;0;0;0;0;0;2906;0;30;0;0;0;0;0;0;0;0;0;0;0;0;0;0;0;0;0;0;0;0;0;12599;"caccgcggtcatacgattaacccaaattaataggcaacggcgtaaagcgtgttaaagaaagctatactcacacaaataaagacaaaatttaactaagctgtagaaagcaacagttaaaactaagatacactacgaaagtgactttattacagctgattacacgatagctaagatc"
"EWT1_000000091";"species";"Apodemus sylvaticus";1;"Opisthokonta";"Metazoa";"Chordata";"Mammalia";"Rodentia";"Muridae";"Apodemus";"Apodemus sylvaticus";"WM004";"[Apodemus sylvaticus]";10129;0;0;0;0;0;0;0;0;0;0;0;0;0;0;0;0;0;0;0;0;0;0;0;0;0;0;0;0;0;0;0;0;0;0;0;0;0;0;0;0;0;0;0;0;0;0;5827;0;0;0;0;0;0;0;0;0;0;0;0;0;0;0;0;0;0;0;0;0;0;0;0;0;0;0;5827;"caccgcggtcatacgattaacccaaactaattacttctcggcgtaaaacgtgctaactagaaacaacaaatagaactaaaatccaactaatatgtgaaaattcattgttaggacctaaactcaataacgaaagtagttctaataattctaccctgcacgatagctaagatc"
"EWT1_000000094";"species";"Arvicola amphibius";0.988095238;"Opisthokonta";"Metazoa";"Chordata";"Mammalia";"Rodentia";"Cricetidae";"Arvicola";"Arvicola amphibius";"WV026";"[Arvicola amphibius]";1047088;0;0;2480;0;0;0;0;0;0;0;0;8275;4978;5558;0;3007;0;0;0;1929;0;0;0;3422;0;0;0;0;0;0;0;2;0;0;0;0;0;0;0;5667;0;0;3642;0;2;0;2;6118;0;0;0;0;0;0;0;0;0;6;0;0;0;0;7;0;0;0;0;0;0;0;0;0;0;0;45095;"caccgcggtcatacgattaacccaaactaactattctcggcgtaaaacgtgttactagacatataaaaaatagaattaaaatccatccaatatgtgaaaattcatcgctggacctaaaaccaatgacgaaagtaattctagtattcttgatacacgatagctaagatc"
"EWT1_000000095";"species";"Talpa europaea";1;"Opisthokonta";"Metazoa";"Chordata";"Mammalia";"Insectivora";"Talpidae";"Talpa";"Talpa europaea";"M033";"[Talpa europaea]";9375;0;0;0;0;0;0;0;0;0;0;0;0;0;0;0;0;0;0;0;0;0;0;0;0;0;0;0;0;0;0;0;0;0;0;0;0;0;0;0;0;0;0;0;0;0;0;0;0;0;0;0;0;0;0;0;0;0;0;0;1932;0;0;0;0;0;0;0;0;0;0;0;0;0;0;1932;"caccgcggtcatacgattaacccaagttaatagacatacggcgtaaagagtgtttaggagtttaacaaaataaagccaagacttaactaagacgtaaaaacctatagttaaagtaaaaacaaactacgaaagtggctttaatacttttctgattacactatagctaaggcc"
"EWT1_000000351";"species";"Neovison vison";0.982142857;"Opisthokonta";"Metazoa";"Chordata";"Mammalia";"Carnivora";"Mustelidae";"Neovison";"Neovison vison";"NC_020641";"[Neovison vison]";452646;5805;0;1805;1916;2671;0;0;0;0;0;0;0;0;0;0;0;0;0;0;0;0;0;0;0;0;0;0;0;0;0;0;0;0;0;0;0;0;0;0;0;0;0;0;0;0;0;0;0;0;0;0;0;0;0;0;0;0;0;0;0;0;0;0;0;0;0;0;0;0;0;0;0;0;0;12197;"caccgcgggcatacgattaacccaaaacaatgggccaacggcgtaaaacgtggtaaggactatacaacactaaagttaaaatttaaccaggccgtaaaaagctactgttaatacaaaacaaaccacgaaagtgactttaccacttccgacaacacgatagctgagatc"
"EWT1_000000432";"species";"Vulpes vulpes";0.99408284;"Opisthokonta";"Metazoa";"Chordata";"Mammalia";"Carnivora";"Canidae";"Vulpes";"Vulpes vulpes";"NC_008434";"[Vulpes vulpes]";9627;0;0;0;0;0;0;0;0;0;0;0;0;0;0;0;0;0;0;0;0;0;0;0;0;0;0;0;0;0;0;0;0;0;0;0;0;0;0;0;0;0;0;0;0;0;0;0;0;0;0;0;0;0;0;0;0;0;0;0;0;0;2704;0;0;0;0;0;0;0;0;0;0;0;0;2704;"caccgcggtcatacgattagcccgaactaataggcccacggcgtaaagcgtgtttaagataacatattactaaagttaaaacttaactaagccgtaaaaagctacagttaccataaaatatactacgaaagtgactttaaaattttctgattacacgatagctaagacc"
"EWT1_000000480";"species";"Lutra lutra";0.99408284;"Opisthokonta";"Metazoa";"Chordata";"Mammalia";"Carnivora";"Mustelidae";"Lutra";"Lutra lutra";"NC_011358";"[Lutra lutra]";9657;2;0;0;0;0;0;0;0;0;0;0;0;0;0;0;0;0;0;0;0;0;0;0;0;0;0;0;0;0;0;0;0;0;0;0;0;0;0;0;0;0;0;0;0;0;0;0;0;0;0;0;0;0;0;0;5;0;0;5490;0;0;0;0;0;0;0;0;0;0;0;0;0;0;0;5497;"caccgcggtcatacgattaacccaaattaataggcccacggcgtaaaacgtgttaagaactacagcaatactaaagttaaaatttaacaaggccgtaaaaagctactgttaatacaaaatatgctacgaaagtgactttactatatccgacaacacgatagctgaggcc"
"EWT1_000000503";"subspecies";"Lepus europaeus europaeus";1;"Opisthokonta";"Metazoa";"Chordata";"Mammalia";"Lagomorpha";"Leporidae";"Lepus";"Lepus europaeus";"BH029";"[Lepus europaeus]";365146;0;0;179;0;0;0;0;0;0;0;0;0;0;0;0;0;0;0;0;0;2;2;0;0;2;0;0;0;0;0;0;0;0;0;0;0;0;0;0;0;0;0;0;0;0;0;68;0;0;0;0;0;0;0;0;0;0;0;0;0;0;0;0;0;0;0;0;5703;0;0;0;0;0;0;5956;"caccgcggtcatacgattaacccaaactaataaacacccggcgtaaagcgtgattagaatattaaacaagaataaaatcaaatagcaactaagctgtaaaaagtaacagttgcaaacaaaaataaacaacgaaagtgattttataaccttcgaactcacgatagctaagatc"
"EWT1_000000937";"species";"Capreolus capreolus";0.994047619;"Opisthokonta";"Metazoa";"Chordata";"Mammalia";"Artiodactyla";"Cervidae";"Capreolus";"Capreolus capreolus";"NC_020684";"[Capreolus capreolus]";9858;0;0;0;0;0;0;0;0;0;0;0;0;0;0;0;0;0;0;0;0;0;0;0;0;0;0;0;0;0;0;0;0;0;0;0;0;0;0;0;0;0;0;0;0;0;0;0;0;0;0;0;3000;0;0;0;0;0;0;0;0;0;0;0;0;0;0;0;0;0;0;0;0;0;0;3000;"caccgcggtcatacgattaacccaagttaataggcatacggcgtaaagcgtgttaaagcattctataaaataaggttcaatcctaattaagctgtaaaaagccataattacaatgaaaatagataacgaaagtaactttaaaatagctgaaacacgatagctaagacc"
"EWT1_000001147";"species";"Mustela nivalis";1;"Opisthokonta";"Metazoa";"Chordata";"Mammalia";"Carnivora";"Mustelidae";"Mustela";"Mustela nivalis";"WL009";"[Mustela nivalis]";36239;0;0;0;0;0;0;0;0;0;1993;0;0;0;0;0;0;0;0;0;0;0;0;0;0;0;0;0;0;0;0;0;0;0;0;0;0;0;0;0;0;0;0;0;0;0;0;0;0;0;0;0;0;0;0;0;0;0;0;0;0;0;0;0;0;0;0;0;0;0;0;0;0;0;0;1993;"caccgcggtcatacgattagcccgaaccaataggcaaacggcgtaaaacgtgttaaggactatattatactaaagttaaaatttagcaaggccgtaaaaagctactgctaatacaagataaaccacgaaagtgactttattacctccaacaacacgatagctgagacc"
"EWT1_000003421";"species";"Sciurus vulgaris";1;"Opisthokonta";"Metazoa";"Chordata";"Mammalia";"Rodentia";"Sciuridae";"Sciurus";"Sciurus vulgaris";"NC_002369";"[Sciurus vulgaris]";55149;0;0;0;0;0;0;0;0;0;0;0;0;0;0;0;0;362;0;0;0;0;0;0;0;0;0;0;0;0;0;0;0;0;0;0;0;0;0;0;0;0;0;0;0;0;0;0;0;0;0;0;0;0;0;0;0;0;0;0;0;0;0;0;0;0;0;0;0;0;0;0;0;0;0;362;"caccgcggtcatacgattaaccctagttaataaagcacggcgtaaagcgtgattaaggttctatcctaaataagattaagctttgactaagctgtaaaaagccttagttaacataaaaatataaaacgaaagtaatcttatatctcctgaactcacgatagctaagacc"
