"id";"rank";"scientific_name";"best_identity";"superkingdom_name";"kingdom_name";"phylum_name";"class_name";"order_name";"family_name";"genus_name";"species_name";"best_match";"species_list";"taxid";"X82";"X83";"X84";"X85";"X86";"X87";"X88";"X89";"X90";"X91";"X92";"X93";"X94";"X95";"X96";"X97";"X98";"X99";"X100";"X101";"X102";"X103";"X104";"X105";"X106";"X107";"X108";"X109";"X110";"X111";"X112";"X113";"X114";"X115";"X116";"X117";"X118";"X119";"X120";"X121";"X124";"X125";"X126";"X127";"X128";"X129";"X130";"X131";"X132";"X133";"X134";"X135";"X136";"X137";"X138";"X139";"X140";"X141";"X142";"X143";"X144";"X145";"X146";"X147";"X148";"X149";"X150";"X151";"X152";"X153";"X154";"X155";"X156";"X157";"X158";"total_reads";"sequence"
"EWT2_000000001";"species";"Castor fiber";0.994117647;"Opisthokonta";"Metazoa";"Chordata";"Mammalia";"Rodentia";"Castoridae";"Castor";"Castor fiber";"NC_028625";"[Castor fiber]";10185;30000;39040;48417;13630;123466;92187;72835;95674;114941;76859;86301;0;0;0;18698;3158;30336;0;0;0;0;0;0;0;0;0;0;0;0;0;0;0;0;0;0;0;0;0;0;0;0;0;0;0;0;0;0;0;0;0;0;0;0;0;0;0;0;0;0;0;0;0;0;0;0;0;0;0;0;0;0;0;0;0;0;845542;"caccgcggtcatacgatagacccaaactaataaaccccggcgtaaagcgtgtttaagagccttaccctgaataagaataaactttacctaggccgtaaaaagcaatagctaaggaaaaaataacttacgaaagtaatcttaataagtctgataacacgacagctaagacc"
"EWT2_000000002";"species";"Muntiacus reevesi";1;"Opisthokonta";"Metazoa";"Chordata";"Mammalia";"Artiodactyla";"Cervidae";"Muntiacus";"Muntiacus reevesi";"NC_004069";"[Muntiacus reevesi]";9886;0;0;0;0;0;5;0;0;0;17;17;0;77981;98799;25770;56730;62746;0;3;0;0;0;0;0;0;0;5;0;6;3;13934;5718;20846;9513;6;96;0;0;0;0;6214;10935;4969;3215;0;0;0;0;0;0;0;0;2233;2;0;0;0;0;0;0;0;0;0;0;0;0;0;0;0;0;0;0;0;0;0;399763;"caccgcggtcatacgattaacccaagttaataggtatacggcgtaaagcgtgttaaagcactatttccaaataaagctaaatttcaattaagctgtaaaaagccataattgcaacaaaaataaataacgaaagtaactttacagttgctgaaacacgatagctaggacc"
"EWT2_000000003";"species";"Rattus norvegicus";0.994186047;"Opisthokonta";"Metazoa";"Chordata";"Mammalia";"Rodentia";"Muridae";"Rattus";"Rattus norvegicus";"NC_001665";"[Rattus norvegicus]";10116;0;0;0;0;0;0;0;0;0;0;2;0;3;0;0;0;7;0;0;0;0;0;0;0;0;0;0;0;0;0;1943;6134;0;0;0;0;0;0;0;0;10020;17506;17858;0;0;0;0;0;0;0;9136;1252;5927;2929;1717;0;0;0;0;0;3903;0;0;1762;0;1978;0;3688;0;0;0;0;0;0;0;85765;"caccgcggtcatacgattaacccaaactaattattttcggcgtagaacgtgccaactataaatctcataatagaattaaaatccaacttatatgtgaaaattcattgttaggacctaagcccaataacgaaagtaattctaatcatttatataatgcacgatagctaagacc"
"EWT2_000000008";"species";"Arvicola amphibius";0.988095238;"Opisthokonta";"Metazoa";"Chordata";"Mammalia";"Rodentia";"Cricetidae";"Arvicola";"Arvicola amphibius";"WV026";"[Arvicola amphibius]";1047088;0;0;0;0;0;0;0;0;5;0;6834;0;0;13;0;2;0;0;0;0;0;0;0;0;0;0;0;0;0;0;0;0;0;23;0;0;0;0;0;0;0;0;0;0;0;0;0;0;0;0;0;0;0;0;0;0;0;0;0;0;4985;0;4496;2;0;0;6522;4054;0;0;0;0;1765;0;0;28701;"caccgcggtcatacgattaacccaaactaactattctcggcgtaaaacgtgttactagacatataaaaaatagaattaaaatccatccaatatgtgaaaattcatcgctggacctaaaaccaatgacgaaagtaattctagtattcttgatacacgatagctaagatc"
"EWT2_000000011";"species";"Myodes glareolus";0.994047619;"Opisthokonta";"Metazoa";"Chordata";"Mammalia";"Rodentia";"Cricetidae";"Myodes";"Myodes glareolus";"BV007";"[Myodes glareolus]";447135;0;0;0;0;0;0;0;2024;2055;5835;10694;0;17290;13207;14385;17366;13630;0;0;0;0;0;6148;0;0;0;0;0;0;0;0;0;13051;0;0;0;0;0;0;0;0;0;0;0;0;0;0;0;0;0;0;0;0;0;5403;0;0;0;0;0;0;0;0;0;8866;0;0;0;0;0;0;0;0;0;0;129954;"caccgcggtcatacgattaacccaaactaattattctcggcgtaaaacgtgttactggggccacaaaaaatagaattgaaatccatccaatatgtgaaaattcatcgttggacttaaaatcagtaacgaaagtaattctaattcacctgagacacgatagctaagacc"
"EWT2_000000035";"species";"Apodemus sylvaticus";1;"Opisthokonta";"Metazoa";"Chordata";"Mammalia";"Rodentia";"Muridae";"Apodemus";"Apodemus sylvaticus";"WM004";"[Apodemus sylvaticus]";10129;0;0;0;0;0;2;0;2;992;3;12569;0;4201;7047;0;0;3;0;0;0;0;0;0;0;0;0;0;0;0;0;2;3;3;0;0;0;0;0;0;0;0;0;0;3119;0;0;0;0;0;0;0;0;2;0;0;7398;0;0;5992;0;2;0;0;3;0;0;0;0;0;0;0;0;0;0;0;41343;"caccgcggtcatacgattaacccaaactaattacttctcggcgtaaaacgtgctaactagaaacaacaaatagaactaaaatccaactaatatgtgaaaattcattgttaggacctaaactcaataacgaaagtagttctaataattctaccctgcacgatagctaagatc"
"EWT2_000000038";"species";"Talpa europaea";0.988304094;"Opisthokonta";"Metazoa";"Chordata";"Mammalia";"Insectivora";"Talpidae";"Talpa";"Talpa europaea";"M033";"[Talpa europaea]";9375;0;0;0;0;0;0;0;0;0;0;0;0;0;0;0;0;0;0;0;0;0;0;0;0;0;0;4;0;2;0;13645;5218;0;0;0;0;2;0;0;5943;0;0;0;0;0;0;0;0;0;0;0;0;0;0;0;0;0;0;0;0;0;0;0;0;0;0;0;0;0;0;0;0;0;0;0;24814;"caccgcggtcatacgattaacacaagttaatagacatacggcgtaaagagtgtttaggagtttaacaaaataaagccgagacttaactaagacgtaaaaacctatagttaaagtaaaaacaaactacgaaagtggctttaatacttttctgattacactatagctaaggcc"
"EWT2_000000042";"species";"Sciurus carolinensis";1;"Opisthokonta";"Metazoa";"Chordata";"Mammalia";"Rodentia";"Sciuridae";"Sciurus";"Sciurus carolinensis";"GS024";"[Sciurus carolinensis]";30640;0;0;0;0;0;992;1069;5523;0;0;2;0;0;3057;1220;9540;3368;0;0;0;0;0;0;0;0;0;3;0;2;2;35124;9971;27697;2882;5411;0;0;0;0;0;0;5528;0;0;0;0;0;2921;0;0;0;0;0;2336;0;0;0;0;0;0;0;6366;0;0;3311;14705;0;0;0;0;0;0;0;0;0;141030;"caccgcggtcatacgattaaccctaattaataaagcacggcgtaaagcgtgattaaggtctgacctgagataagattaagctctaactaaactgtaaaaagccttagttaaaataaaaatacaaaacgaaagtaatcttataacccctgaattcacgacagctaaggcc"
"EWT2_000000044";"species";"Microtus agrestis";0.988095238;"Opisthokonta";"Metazoa";"Chordata";"Mammalia";"Rodentia";"Cricetidae";"Microtus";"Microtus agrestis";"FV006";"[Microtus agrestis]";29092;0;0;0;0;0;0;0;7099;11196;8732;4;0;0;0;3;5;4;0;0;0;0;0;0;0;0;1193;0;0;0;0;0;1419;6651;0;0;0;0;0;0;0;0;0;0;0;5323;297;0;0;0;0;0;939;0;0;0;6056;0;0;0;0;0;0;0;0;2;2;0;0;0;29921;0;0;0;0;0;78846;"caccgcggtcatacgattaacccaaattaattattctcggcgtaaaacgtgttactagaaacatgcaaaatagaattaaaacccatccaatatgtgaaaattcatcgctggacctaaaaccaatgacgaaagtaattctaactgacatgatacacgatagctaagatc"
"EWT2_000000063";"species";"Neomys fodiens";1;"Opisthokonta";"Metazoa";"Chordata";"Mammalia";"Insectivora";"Soricidae";"Neomys";"Neomys fodiens";"NC_025559";"[Neomys fodiens]";62282;0;0;0;0;0;0;0;0;0;0;0;0;0;0;2829;0;2335;0;0;0;0;0;0;0;0;0;0;0;0;0;388;2;0;0;0;0;0;0;0;0;0;0;0;0;0;0;0;0;0;0;0;0;6610;0;0;0;0;0;0;0;0;0;0;0;0;0;0;0;0;0;0;0;0;0;0;12164;"caccgcggtcatacgattaacccaaattaataggctacggcgtaaagcgtgttaaagatttaacaaagaaaataaagataaaatttaactaggctgtaaaaagcaacagttaaaattaaaatatactacgaaagtgactttattaagtctggtatacgatagctgaggcc"
"EWT2_000000186";"species";"Oryctolagus cuniculus";0.994152047;"Opisthokonta";"Metazoa";"Chordata";"Mammalia";"Lagomorpha";"Leporidae";"Oryctolagus";"Oryctolagus cuniculus";"NC_001913";"[Oryctolagus cuniculus]";9986;0;0;0;0;0;0;0;0;0;0;0;0;0;2;1959;0;0;0;0;0;0;0;0;0;0;0;0;0;0;0;0;0;3704;0;0;0;0;15962;0;10942;0;0;0;0;0;0;0;0;0;0;0;1478;14338;5816;8371;0;0;0;0;0;0;0;0;0;0;0;0;0;0;0;0;0;0;0;0;62572;"caccgcggtcatacgattaacccaaattaataaatatccggcgtaaagcgtgattagaataaacaacaaaataaaatcaaataacaactaagctgtaaaaagtaatagttgcaaacaaaaataaacaacgaaagtgattttatactcttcgaactcacgatagctaaggcc"
"EWT2_000000259";"species";"Sorex minutus";1;"Opisthokonta";"Metazoa";"Chordata";"Mammalia";"Insectivora";"Soricidae";"Sorex";"Sorex minutus";"PS015";"[Sorex minutus]";62280;0;0;0;0;0;0;0;0;5134;0;0;0;0;0;0;0;0;0;0;0;0;0;0;0;0;0;0;0;0;0;0;0;0;0;0;0;0;0;0;0;0;0;0;0;0;0;0;0;0;0;0;0;0;0;0;0;0;0;0;0;0;0;0;0;0;0;0;0;0;0;0;0;0;0;0;5134;"caccgcggtcatacgattaacccgaattaataggcaacggcgtaaagcgtgttaaagaatgctcgcccataaataaagataaaacttaactaggctgtagaaagcaacagttaaaactaaaatatactacgaaagtgactttattgtagctgattacacgatagctaagacc"
"EWT2_000001023";"species";"Vulpes vulpes";1;"Opisthokonta";"Metazoa";"Chordata";"Mammalia";"Carnivora";"Canidae";"Vulpes";"Vulpes vulpes";"NC_008434";"[Vulpes vulpes]";9627;0;0;0;0;0;0;0;0;0;0;0;0;0;0;0;0;1586;0;0;0;0;0;0;0;0;0;0;0;0;0;0;0;0;0;0;0;0;0;0;0;0;0;0;0;0;0;0;0;0;0;0;0;0;0;0;0;0;0;0;0;0;0;0;0;0;0;0;0;0;0;0;0;0;0;0;1586;"caccgcggtcatacgattaacccgaactaataggcccacggcgtaaagcgtgtttaagataacatattactaaagttaaaacttaactaagccgtaaaaagctacagttaccataaaatatactacgaaagtgactttaaaattttctgattacacgatagctaagacc"
"EWT2_000001406";"species";"Apodemus flavicollis";0.994152047;"Opisthokonta";"Metazoa";"Chordata";"Mammalia";"Rodentia";"Muridae";"Apodemus";"Apodemus flavicollis";"AJ311164";"[Apodemus flavicollis]";54292;0;0;0;0;0;0;0;0;0;0;0;0;0;0;0;0;0;0;0;0;0;0;0;0;0;0;0;0;0;0;0;0;0;0;0;0;0;0;974;0;0;0;0;0;0;0;0;0;0;0;0;0;0;0;0;0;0;0;0;0;0;0;0;0;0;0;0;0;0;0;0;0;0;0;0;974;"caccgcggtcatacgattaacccaaactaattacttctcggcgtaaaacgtgctaactagaaattacaaatagaactaaaatccaactaatatgtgaaaattcattgttcggtcctaaaatcaataacgaaagtagttctaataattttactctgcacgacagctaagatc"
"EWT2_000002626";"species";"Mustela putorius";0.994047619;"Opisthokonta";"Metazoa";"Chordata";"Mammalia";"Carnivora";"Mustelidae";"Mustela";"Mustela putorius";"NC_020638";"[Mustela putorius]";9668;0;0;0;0;0;0;0;0;0;0;0;0;0;0;0;0;0;0;0;0;0;0;0;0;0;0;0;0;0;0;0;0;0;0;0;0;0;0;0;0;0;0;0;0;0;0;0;0;0;0;0;0;0;0;0;0;0;0;0;0;0;0;0;725;0;0;0;0;0;0;0;0;0;0;0;725;"caccgcggtcatacgattagcccgaatcaataggcaaacggcgtaaaacgtgttaaggattatattatattaaagttaaaatttgacaaggctgtaaaaagctactgttaatataagataaatcacgaaagtgactttattacttccatcaacacgatagctgagacc"
